{"self-cnn-_html_tags-_placement": {"loss": [1.529728889465332], "accuracy": [0.5855535268783569], "val_loss": [1.2600696086883545], "val_accuracy": [0.6578115224838257]}}
{"self-cnn-_html_tags-_responsible": {"loss": [3.37248158454895], "accuracy": [0.20398202538490295], "val_loss": [3.052584648132324], "val_accuracy": [0.26363521814346313]}}
{"self-cnn-_html_tags-_timeconsumption": {"loss": [361.0897216796875], "mse": [361.0897216796875], "mae": [12.006848335266113], "val_loss": [370.7325134277344], "val_mse": [370.7325134277344], "val_mae": [10.624578475952148]}}
{"self-cnn-_raw-_placement": {"loss": [1.7018359899520874], "accuracy": [0.5519482493400574], "val_loss": [1.3904768228530884], "val_accuracy": [0.6261205077171326]}}
{"self-cnn-_raw-_responsible": {"loss": [3.4125938415527344], "accuracy": [0.20520229637622833], "val_loss": [3.205291271209717], "val_accuracy": [0.2397342175245285]}}
{"self-cnn-_raw-_timeconsumption": {"loss": [373.5382080078125], "mse": [373.5382080078125], "mae": [12.30143928527832], "val_loss": [366.8927001953125], "val_mse": [366.8927001953125], "val_mae": [11.285039901733398]}}
{"self-cnn-_lemmatize-_placement": {"loss": [1.4810086488723755], "accuracy": [0.5997335910797119], "val_loss": [1.210312008857727], "val_accuracy": [0.6596129536628723]}}
{"self-cnn-_lemmatize-_responsible": {"loss": [3.3213768005371094], "accuracy": [0.21966339647769928], "val_loss": [3.0019328594207764], "val_accuracy": [0.2849002778530121]}}
{"self-cnn-_lemmatize-_timeconsumption": {"loss": [358.43408203125], "mse": [358.43408203125], "mae": [11.89671802520752], "val_loss": [352.35546875], "val_mse": [352.35546875], "val_mae": [10.623637199401855]}}
{"wiki.da.vec-cnn-_html_tags-_placement": {"loss": [1.5964378118515015], "accuracy": [0.5713218450546265], "val_loss": [1.2593469619750977], "val_accuracy": [0.657440721988678]}}
{"wiki.da.vec-cnn-_html_tags-_responsible": {"loss": [3.3501012325286865], "accuracy": [0.2229316383600235], "val_loss": [3.09733510017395], "val_accuracy": [0.26328882575035095]}}
{"wiki.da.vec-cnn-_html_tags-_timeconsumption": {"loss": [364.2398986816406], "mse": [364.2398986816406], "mae": [12.131609916687012], "val_loss": [356.83135986328125], "val_mse": [356.83135986328125], "val_mae": [11.521417617797852]}}
{"wiki.da.vec-cnn-_raw-_placement": {"loss": [1.6108500957489014], "accuracy": [0.578066885471344], "val_loss": [1.3879411220550537], "val_accuracy": [0.6334707140922546]}}
{"wiki.da.vec-cnn-_raw-_responsible": {"loss": [3.4602084159851074], "accuracy": [0.19977012276649475], "val_loss": [3.2069904804229736], "val_accuracy": [0.25330644845962524]}}
{"wiki.da.vec-cnn-_raw-_timeconsumption": {"loss": [365.9879455566406], "mse": [365.9879455566406], "mae": [12.22519302368164], "val_loss": [361.3498840332031], "val_mse": [361.3498840332031], "val_mae": [11.78719425201416]}}
{"wiki.da.vec-cnn-_lemmatize-_placement": {"loss": [1.6226602792739868], "accuracy": [0.5626763105392456], "val_loss": [1.2693604230880737], "val_accuracy": [0.6481779217720032]}}
{"wiki.da.vec-cnn-_lemmatize-_responsible": {"loss": [3.4133307933807373], "accuracy": [0.2044687122106552], "val_loss": [3.0873770713806152], "val_accuracy": [0.25134536623954773]}}
{"wiki.da.vec-cnn-_lemmatize-_timeconsumption": {"loss": [374.3855285644531], "mse": [374.3855285644531], "mae": [12.213778495788574], "val_loss": [359.8838806152344], "val_mse": [359.8838806152344], "val_mae": [10.54939079284668]}}
{"wiki.en.vec-cnn-_html_tags-_placement": {"loss": [1.694675087928772], "accuracy": [0.5495599508285522], "val_loss": [1.3762457370758057], "val_accuracy": [0.6372658014297485]}}
{"wiki.en.vec-cnn-_html_tags-_responsible": {"loss": [3.4943807125091553], "accuracy": [0.18502452969551086], "val_loss": [3.241060256958008], "val_accuracy": [0.24946466088294983]}}
{"wiki.en.vec-cnn-_html_tags-_timeconsumption": {"loss": [365.100341796875], "mse": [365.100341796875], "mae": [12.134659767150879], "val_loss": [361.8295593261719], "val_mse": [361.8295593261719], "val_mae": [11.073328971862793]}}
{"wiki.en.vec-cnn-_raw-_placement": {"loss": [1.6292190551757812], "accuracy": [0.5690153241157532], "val_loss": [1.4013643264770508], "val_accuracy": [0.626076877117157]}}
{"wiki.en.vec-cnn-_raw-_responsible": {"loss": [3.4228339195251465], "accuracy": [0.19925838708877563], "val_loss": [3.164496421813965], "val_accuracy": [0.23400302231311798]}}
{"wiki.en.vec-cnn-_raw-_timeconsumption": {"loss": [369.2283630371094], "mse": [369.2283630371094], "mae": [12.274916648864746], "val_loss": [360.4993591308594], "val_mse": [360.4993591308594], "val_mae": [11.840802192687988]}}
{"wiki.en.vec-cnn-_lemmatize-_placement": {"loss": [1.7569472789764404], "accuracy": [0.5451027154922485], "val_loss": [1.4609382152557373], "val_accuracy": [0.6221663951873779]}}
{"wiki.en.vec-cnn-_lemmatize-_responsible": {"loss": [3.4177281856536865], "accuracy": [0.20449508726596832], "val_loss": [3.049621820449829], "val_accuracy": [0.27413737773895264]}}
{"wiki.en.vec-cnn-_lemmatize-_timeconsumption": {"loss": [367.10162353515625], "mse": [367.10162353515625], "mae": [12.087723731994629], "val_loss": [366.0693664550781], "val_mse": [366.0693664550781], "val_mae": [10.468615531921387]}}
{"self-lstm-_html_tags-_placement": {"loss": [1.226373314857483], "accuracy": [0.6572461724281311], "val_loss": [1.0076254606246948], "val_accuracy": [0.7075181603431702]}}
{"self-lstm-_html_tags-_responsible": {"loss": [3.050384759902954], "accuracy": [0.25869739055633545], "val_loss": [2.6877477169036865], "val_accuracy": [0.33555862307548523]}}
{"self-lstm-_html_tags-_timeconsumption": {"loss": [365.1992492675781], "mse": [365.1992492675781], "mae": [12.281265258789062], "val_loss": [353.486083984375], "val_mse": [353.486083984375], "val_mae": [11.987607955932617]}}
{"self-lstm-_raw-_placement": {"loss": [1.3756829500198364], "accuracy": [0.6260128617286682], "val_loss": [1.2179070711135864], "val_accuracy": [0.6577897071838379]}}
{"self-lstm-_raw-_responsible": {"loss": [3.311093807220459], "accuracy": [0.21567299962043762], "val_loss": [3.1380910873413086], "val_accuracy": [0.24067892134189606]}}
{"self-lstm-_raw-_timeconsumption": {"loss": [371.4942626953125], "mse": [371.4942626953125], "mae": [12.398082733154297], "val_loss": [361.5420837402344], "val_mse": [361.5420837402344], "val_mae": [12.093852043151855]}}
{"self-lstm-_lemmatize-_placement": {"loss": [1.0881083011627197], "accuracy": [0.6924145221710205], "val_loss": [0.9375162124633789], "val_accuracy": [0.7158582806587219]}}
{"self-lstm-_lemmatize-_responsible": {"loss": [2.773952007293701], "accuracy": [0.319158673286438], "val_loss": [2.444793462753296], "val_accuracy": [0.3837008774280548]}}
{"self-lstm-_lemmatize-_timeconsumption": {"loss": [360.94281005859375], "mse": [360.94281005859375], "mae": [12.063924789428711], "val_loss": [342.3897399902344], "val_mse": [342.3897399902344], "val_mae": [11.398669242858887]}}
{"wiki.da.vec-lstm-_html_tags-_placement": {"loss": [1.2525546550750732], "accuracy": [0.6520496606826782], "val_loss": [1.039543628692627], "val_accuracy": [0.7031341791152954]}}
{"wiki.da.vec-lstm-_html_tags-_responsible": {"loss": [3.1575591564178467], "accuracy": [0.2514702379703522], "val_loss": [2.8053228855133057], "val_accuracy": [0.32872527837753296]}}
{"wiki.da.vec-lstm-_html_tags-_timeconsumption": {"loss": [361.2919616699219], "mse": [361.2919616699219], "mae": [12.126516342163086], "val_loss": [350.23114013671875], "val_mse": [350.23114013671875], "val_mae": [12.183198928833008]}}
{"wiki.da.vec-lstm-_raw-_placement": {"loss": [1.4015158414840698], "accuracy": [0.6172611713409424], "val_loss": [1.2860651016235352], "val_accuracy": [0.6425440311431885]}}
